taskId,arrivalTime,length,priority,cpu,memory
1,6457,4,1,50.00,0.0044
2,6459,35,1,50.00,0.0080
3,10718,151,2,50.00,0.0160
4,10718,120,2,50.00,0.0187
5,10718,307,2,50.00,0.0160
6,10719,513,2,50.00,0.0057
7,11792,57,1,50.00,0.0134
8,11792,218,2,50.00,0.0160
9,11792,61,1,50.00,0.0134
10,11792,143,2,50.00,0.0134
11,11792,45,1,50.00,0.0134
12,11792,1,1,50.00,0.0040
13,11792,1,1,50.00,0.0040
14,11792,120,2,50.00,0.0105
15,11792,42,1,50.00,0.0160
16,11792,400,2,50.00,0.0213
17,11792,75,1,50.00,0.0134
18,16281,270,2,50.00,0.0086
19,16281,82,1,50.00,0.0134
20,16281,199,2,50.00,0.0089
21,16281,61,1,50.00,0.0087
22,16281,54,1,50.00,0.0085
23,16281,8,1,50.00,0.0041
24,16281,42,1,50.00,0.0160
25,16281,21,1,50.00,0.0081
26,16281,31,1,50.00,0.0081
27,16281,255,2,50.00,0.0091
28,16281,8,1,50.00,0.0134
29,16281,264,2,50.00,0.0082
30,16281,69,1,50.00,0.0089
31,16281,276,2,50.00,0.0080
32,16341,43,1,50.00,0.0079
33,16341,42,1,50.00,0.0134
34,16341,43,1,50.00,0.0082
35,21668,733,2,50.00,0.0057
36,21668,23,1,50.00,0.0043
37,21668,6,1,50.00,0.0040
38,21668,11,1,50.00,0.0085
39,21669,1,1,50.00,0.0041
40,21669,4,1,50.00,0.0041
41,21669,1042,3,50.00,0.0057
42,21669,701,2,50.00,0.0213
43,21669,788,2,50.00,0.0160
44,21669,438,2,50.00,0.0090
45,21669,1,1,50.00,0.0041
46,21669,18,1,50.00,0.0041
47,21677,627,2,50.00,0.0213
48,21677,1,1,50.00,0.0041
49,21677,179,2,50.00,0.0057
50,21677,2,1,50.00,0.0040
51,21677,631,2,50.00,0.0085
52,21677,14,1,50.00,0.0042
53,21677,1,1,50.00,0.0041
54,21677,1057,3,50.00,0.0160
55,21677,4,1,50.00,0.0041
56,21677,15,1,50.00,0.0041
57,21677,12,1,50.00,0.0082
58,21712,313,2,50.00,0.0160
59,21712,121,2,50.00,0.0087
60,21712,1,1,50.00,0.0041
61,21712,336,2,50.00,0.0160
62,21712,1,1,50.00,0.0041
63,21712,240,2,50.00,0.0160
64,21712,138,2,50.00,0.0160
65,21712,329,2,50.00,0.0160
66,21712,4,1,50.00,0.0041
67,21713,350,2,50.00,0.0160
68,21713,80,1,50.00,0.0160
69,21713,1,1,50.00,0.0039
70,21713,109,2,50.00,0.0102
71,21713,1,1,50.00,0.0054
72,21713,138,2,50.00,0.0160
73,21713,593,2,50.00,0.0213
74,21713,252,2,50.00,0.0160
75,21713,82,1,50.00,0.0160
76,21713,143,2,50.00,0.0160
77,21713,98,1,50.00,0.0134
78,21713,6,1,50.00,0.0081
79,21713,2,1,50.00,0.0041
80,21713,3,1,50.00,0.0041
81,21713,139,2,50.00,0.0087
82,21713,8,1,50.00,0.0081
83,21713,90,1,50.00,0.0105
84,21713,202,2,50.00,0.0160
85,21713,1,1,50.00,0.0041
86,21713,38,1,50.00,0.0095
87,21713,11,1,50.00,0.0081
88,21713,167,2,50.00,0.0160
89,21713,649,2,50.00,0.0213
90,21713,1,1,50.00,0.0041
91,21713,2,1,50.00,0.0041
92,21713,306,2,50.00,0.0160
93,21713,398,2,50.00,0.0160
94,23213,198,2,50.00,0.0160
95,23213,2,1,50.00,0.0054
96,23213,124,2,50.00,0.0160
97,23213,128,2,50.00,0.0160
98,23213,1,1,50.00,0.0054
99,23214,82,1,50.00,0.0160
100,23214,120,2,50.00,0.0134